"id","name","category","official_url","evidence_url","official_visual_url","visual_status","icon_status","browser_open_status","source_review_date"
"chrome-lab","Chrome Music Lab","try","https://musiclab.chromeexperiments.com/","https://musiclab.chromeexperiments.com/","","missing","not_checked","not_checked","2026-09-25"
"ableton","Learning Music","try","https://learningmusic.ableton.com/","https://learningmusic.ableton.com/","","missing","not_checked","not_checked","2026-09-25"
"theory-lessons","Lessons","theory","https://www.musictheory.net/lessons","https://www.musictheory.net/lessons","","missing","not_checked","not_checked","2026-09-25"
"theory-exercises","Exercises","theory","https://www.musictheory.net/exercises","https://www.musictheory.net/exercises","","missing","not_checked","not_checked","2026-09-25"
"bandlab","BandLab Studio","recording","https://www.bandlab.com/","https://help.bandlab.com/hc/en-us/articles/115002945153-Getting-Started-with-the-BandLab-Studio","https://help.bandlab.com/hc/article_attachments/57472287711385","candidate_official_source","not_checked","not_checked","2026-09-25"
"musescore","MuseScore Studio","notation","https://musescore.org/en","https://musescore.org/en","https://3455969201-files.gitbook.io/~/files/v0/b/gitbook-x-prod.appspot.com/o/spaces%2FP81HaeapLzzJGtG6DSwH%2Fuploads%2Fgit-blob-dbb667414111d59ab77226c5de57247ae0bf2171%2Fscore-tab.png?alt=media","candidate_official_source","not_checked","not_checked","2026-09-25"
"musora","Guitareo on Musora","practice","https://www.musora.com/guitar","https://www.musora.com/choose-trial","","missing","not_checked","not_checked","2026-09-25"
"samt","ค้นหาครูดนตรี","teacher","https://www.mysamt.com/","https://www.mysamt.com/","","missing","not_checked","not_checked","2026-09-25"
"chula-mooc","ดนตรีบำบัดเบื้องต้น","pathway","https://mooc.chula.ac.th/course-detail/76","https://mooc.chula.ac.th/course-detail/76","","missing","not_checked","not_checked","2026-09-25"
"thai-mooc","ศิลปกรรมท้องถิ่นชายแดนใต้","culture","https://thaimooc.ac.th/courses/course-v1psu005200/","https://thaimooc.ac.th/courses/course-v1psu005200/","","missing","not_checked","not_checked","2026-09-25"
"mahidol","หลักสูตรและการรับเข้า","pathway","https://www.music.mahidol.ac.th/admissions/","https://www.music.mahidol.ac.th/admissions/","","missing","not_checked","not_checked","2026-09-25"
"soundbrenner","The Metronome by Soundbrenner","metronome","https://apps.apple.com/us/app/the-metronome-by-soundbrenner/id1048954353","https://apps.apple.com/us/app/the-metronome-by-soundbrenner/id1048954353","https://is1-ssl.mzstatic.com/image/thumb/PurpleSource211/v4/68/5e/69/685e6967-55b8-da83-cb7e-e427101ca1d8/1_New_iPhone_U002c_English.jpg/320x480bb.jpg","candidate_official_source","not_checked","not_checked","2026-09-25"
"tonalenergy","TonalEnergy Tuner & Metronome","tuner","https://apps.apple.com/us/app/tonalenergy-tuner-metronome/id497716362","https://apps.apple.com/us/app/tonalenergy-tuner-metronome/id497716362","https://is1-ssl.mzstatic.com/image/thumb/PurpleSource124/v4/e0/46/c3/e046c393-aade-be49-73b7-5d03f97c25cd/9fd43f16-d8a2-474b-8d2f-dbb3349a641e_tet_iphone55_english_1.png/392x696bb.png","candidate_official_source","not_checked","not_checked","2026-09-25"
"guitartuna","GuitarTuna","tuner","https://apps.apple.com/us/app/guitartuna-tune-play-guitar/id527588389","https://apps.apple.com/us/app/guitartuna-tune-play-guitar/id527588389","https://is1-ssl.mzstatic.com/image/thumb/PurpleSource221/v4/f7/62/12/f76212f7-e828-9df9-d3ef-b83d7bcf2184/6a6582ff-b93a-4fae-afe6-54c19e5ac1a3_App_store_GT_9x16_1242x2208_1.png/392x696bb.png","candidate_official_source","not_checked","not_checked","2026-09-25"
"moises","Moises","practice","https://apps.apple.com/us/app/moises-the-musicians-app/id1515796612","https://apps.apple.com/us/app/moises-the-musicians-app/id1515796612","https://is1-ssl.mzstatic.com/image/thumb/PurpleSource221/v4/29/0d/61/290d617e-8618-523e-7c8c-4575c45d7f6d/-00.png/320x480bb.jpg","candidate_official_source","not_checked","not_checked","2026-09-25"
"anytune","Anytune","practice","https://apps.apple.com/us/app/anytune-transcribe-practice/id415365180","https://apps.apple.com/us/app/anytune-transcribe-practice/id415365180","https://is1-ssl.mzstatic.com/image/thumb/PurpleSource221/v4/25/e4/8f/25e48f6b-ecef-a048-0cd6-e46d2dd469bc/EN_-_iPhone_5.5_-_1.png/392x696bb.png","candidate_official_source","not_checked","not_checked","2026-09-25"
"ireal","iReal Pro","practice","https://apps.apple.com/us/app/ireal-pro/id298206806","https://apps.apple.com/us/app/ireal-pro/id298206806","https://is1-ssl.mzstatic.com/image/thumb/PurpleSource221/v4/6b/d3/20/6bd320d5-94a4-c914-9698-36865debe3cb/screenshot_1.png/320x480bb.jpg","candidate_official_source","not_checked","not_checked","2026-09-25"
"tenuto","Tenuto","theory","https://apps.apple.com/us/app/tenuto/id459313476","https://apps.apple.com/us/app/tenuto/id459313476","https://is1-ssl.mzstatic.com/image/thumb/PurpleSource124/v4/f4/b1/5f/f4b15f3f-7e22-8b79-eb69-a1da667399b7/11bec6f3-b3b4-4200-84ad-ccd73c21d144_Simulator_Screen_Shot_-_iPhone_8_Plus_-_2020-08-31_at_19.55.48.png/392x696bb.png","candidate_official_source","not_checked","not_checked","2026-09-25"
"garageband","GarageBand for iOS","songwriting","https://apps.apple.com/us/app/garageband/id408709785","https://apps.apple.com/us/app/garageband/id408709785","https://is1-ssl.mzstatic.com/image/thumb/PurpleSource211/v4/c0/89/9c/c0899c26-2357-eca8-d124-a987e954da36/20eb6e0f-d341-4cba-93d4-217800def9ab_iPad_Pro_2ndGen_SL-USA.PNG/552x414bb.png","candidate_official_source","not_checked","not_checked","2026-09-25"
"hookpad","Hookpad","songwriting","https://www.hooktheory.com/hookpad","https://www.hooktheory.com/hookpad/pricing","","missing","not_checked","not_checked","2026-09-25"
"songbook","SongBook Chordpro","performance","https://apps.apple.com/us/app/songbook-chordpro/id392888837","https://apps.apple.com/us/app/songbook-chordpro/id392888837","https://is1-ssl.mzstatic.com/image/thumb/PurpleSource221/v4/66/7b/28/667b285e-db05-83bd-84d1-a8361d04613e/Simulator_Screenshot_-_iPad_Pro_13-inch__U0028M5_U0029_-_2025-12-13_at_10.52.33.png/360x480bb.jpg","candidate_official_source","not_checked","not_checked","2026-09-25"
"forscore","forScore","performance","https://apps.apple.com/us/app/forscore/id363738376","https://apps.apple.com/us/app/forscore/id363738376","https://is1-ssl.mzstatic.com/image/thumb/PurpleSource211/v4/86/07/d6/8607d606-4fa1-eef6-031f-4b03f130c8a1/130-1.png/360x480bb.jpg","candidate_official_source","not_checked","not_checked","2026-09-25"
"audacity","Audacity","recording","https://www.audacityteam.org/","https://www.audacityteam.org/faq/","","missing","not_checked","not_checked","2026-09-25"
"reaper","REAPER","recording","https://www.reaper.fm/","https://www.reaper.fm/purchase.php","https://www.reaper.fm/v7img/ss_persp_v7.jpg","candidate_official_source","not_checked","not_checked","2026-09-25"
"ableton-live","Ableton Live","recording","https://www.ableton.com/en/live/what-is-live/","https://www.ableton.com/en/live/what-is-live/","https://beta-ableton.imgix.net/media/b2qnxryw/screenshot-session-view.png?auto=compress%2Cformat&format=webp&height=1600&q=80&width=1600","candidate_official_source","not_checked","not_checked","2026-09-25"
"dorico-se","Dorico SE","notation","https://www.steinberg.net/dorico/se/","https://www.steinberg.net/dorico/se/","","missing","not_checked","not_checked","2026-09-25"
"logic-ipad","Logic Pro for iPad","recording","https://apps.apple.com/us/app/logic-pro-make-music/id1615087040","https://apps.apple.com/us/app/logic-pro-make-music/id1615087040","https://is1-ssl.mzstatic.com/image/thumb/PurpleSource221/v4/42/53/30/42533050-f6b5-e73b-fbe3-680256666373/83693f1b-57ea-4142-bd48-dfc06e508813_1._20240325_-_Hero_-_LPiP_-_129_-_iPad_Pro_-_EN.png/552x414bb.png","candidate_official_source","not_checked","not_checked","2026-09-25"
"qlab","QLab","performance","https://qlab.app/download/","https://qlab.app/shop/","https://qlab.app/_next/image/?q=75&url=%2F_next%2Fstatic%2Fmedia%2Findustry-standard.0b_51dk2hr9te.png&w=3840","candidate_official_source","not_checked","not_checked","2026-09-25"
"soundslice","Soundslice","practice","https://www.soundslice.com/","https://www.soundslice.com/help/en/player/basic/99/overview/","","missing","not_checked","not_checked","2026-09-25"
"flat","Flat","notation","https://flat.io/","https://help.flat.io/en/general/what-is-flat/","","missing","not_checked","not_checked","2026-09-25"
"pro-tools","Pro Tools","recording","https://www.avid.com/pro-tools","https://www.avid.com/pro-tools","https://edge.sitecorecloud.io/avidtech-d6a2e9a9/media/images/pro-tools/overview/01-beatmaking.jpg?h=900&iar=0&w=1200","candidate_official_source","not_checked","not_checked","2026-09-25"
"logic-mac","Logic Pro for Mac","songwriting","https://apps.apple.com/us/app/logic-pro/id634148309","https://apps.apple.com/us/app/logic-pro/id634148309","https://is1-ssl.mzstatic.com/image/thumb/PurpleSource211/v4/06/d1/04/06d10446-76db-3e53-adc2-9500027c29f0/1._20250909_Session_Players_-_Synth_Player_2880x1800_-_no-alpha.png/800x500bb.jpg","candidate_official_source","not_checked","not_checked","2026-09-25"
"dorico-pro","Dorico Pro","notation","https://www.steinberg.net/dorico/","https://www.steinberg.net/dorico/","https://blog.dorico.com/wp-content/uploads/2024-11-12-16-57-59-Dorico-6-photo-shoot-HDR-Edit-2500-1080x675.jpg","candidate_official_source","not_checked","not_checked","2026-09-25"
"sibelius","Sibelius","notation","https://www.avid.com/sibelius","https://www.avid.com/sibelius","https://edge.sitecorecloud.io/avidtech-d6a2e9a9/media/images/homepage/2026/08/acd-prod-sib-frame1.jpg?h=1080&iar=0&w=1920","candidate_official_source","not_checked","not_checked","2026-09-25"
"mainstage","MainStage","performance","https://apps.apple.com/us/app/mainstage/id634159523","https://apps.apple.com/us/app/mainstage/id634159523","https://is1-ssl.mzstatic.com/image/thumb/PurpleSource221/v4/0f/0f/71/0f0f715e-3461-67f6-3218-615d34f87ce7/1._20250927_Backing_Tracks__U0026_Keys_2880x1800_-_no-alpha.png/800x500bb.jpg","candidate_official_source","not_checked","not_checked","2026-09-25"
