"name","type","area","genres","named_bangkok_points","official_or_owner_source","map_pin_status","course_status","review_date"
"Yamaha Music School","เครือข่ายโรงเรียน","หลายเขตในกรุงเทพฯ","พื้นฐาน | คลาสสิก | ป๊อป","0","https://th.yamaha.com/th/education/","needs_pin_by_pin_check","needs_branch_course_check","2026-09-25"
"MelodyPlus","โรงเรียนหลายสาขา","พระราม 3 · วัชรพล · ปิ่นเกล้า · บางนา","คลาสสิก | แจ๊ส | ป๊อป | ดนตรีไทย | เด็กเล็ก","4","https://melodyplusmusic.com/","needs_pin_by_pin_check","needs_branch_course_check","2026-09-25"
"School of Rock Thailand","โรงเรียน / เรียนรวมวง","คลองสามวา","ร็อก | ป๊อป | รวมวง","0","https://www.schoolofrockthailand.com/","needs_pin_by_pin_check","needs_branch_course_check","2026-09-25"
"SCA Superstar Academy","วิทยาลัย / คอร์สระยะสั้น","ทองหล่อ","ป๊อป | ร็อก | แจ๊ส | รวมวง","0","https://www.scacollege.ac.th/academic/superstaracademy/band-program/","needs_pin_by_pin_check","needs_branch_course_check","2026-09-25"
"PlaySound","โรงเรียนหลายสาขา","12 สาขาที่หน้าเจ้าของระบุว่าอยู่ในกรุงเทพฯ","พื้นฐาน | ป๊อป | คลาสสิก","12","https://www.playsoundbkk.com/contact.html","needs_pin_by_pin_check","needs_branch_course_check","2026-09-25"
"Muse Music Academy","โรงเรียนหลายสาขา","เจริญนคร · บางแค","พื้นฐาน | ป๊อป | คลาสสิก","2","https://www.musemusicacademy.com/contact-us","needs_pin_by_pin_check","needs_branch_course_check","2026-09-25"
"Bangkok Bravo! School of Music","โรงเรียนดนตรี","พระราม 2","คลาสสิก | ป๊อป | แจ๊ส","0","https://www.thebright.co.th/tenant/bangkokbravo/","needs_pin_by_pin_check","needs_branch_course_check","2026-09-25"
"Hibiki Music Studio","สตูดิโอ / โรงเรียน","หอศิลปกรุงเทพฯ · ปทุมวัน","คลาสสิก | แจ๊ส","0","https://www.bacc.or.th/en/directories/62258","needs_pin_by_pin_check","needs_branch_course_check","2026-09-25"
"Royal Bangkok Symphony Music School","โรงเรียนดนตรี","ใกล้สวนลุมพินี · ปทุมวัน","คลาสสิก | แจ๊ส | ป๊อป","0","https://www.rbsothailand.com/courses/","needs_pin_by_pin_check","needs_branch_course_check","2026-09-25"
"MCGP Music Mahidol","ศูนย์ดนตรีสำหรับบุคคลทั่วไป","สยามพารากอน · ปทุมวัน / ซีคอนสแควร์ · ประเวศ","พื้นฐาน | คลาสสิก | แจ๊ส | ป๊อป | ดนตรีไทย | เด็กเล็ก","2","https://www.mcgp-music-mahidol.com/contact-us","needs_pin_by_pin_check","needs_branch_course_check","2026-09-25"
"Bangkok Learning City · ดนตรีไทย","คอร์สสาธารณะ","18 จุดเรียนตามหน้าคอร์สของ กทม.","ดนตรีไทย","18","https://learning.bangkok.go.th/course/lc-0137/","needs_pin_by_pin_check","needs_branch_course_check","2026-09-25"
