"name","faculty","province","region","levels","majors","curriculum_source","additional_source","source_status","current_admission_status","review_date"
"มหาวิทยาลัยมหิดล","วิทยาลัยดุริยางคศิลป์","นครปฐม","central","ปริญญาตรี","ดนตรีคลาสสิก | แจ๊ส | ดนตรีสมัยนิยม | ละครเพลง | ดนตรีไทยและตะวันออก | ประพันธ์เพลง | ธุรกิจดนตรี | ดนตรีศึกษาและการสอน | เทคโนโลยีดนตรี","https://openhouse.mahidol.ac.th/faculties/ms/ms-1/","https://www.music.mahidol.ac.th/academic/bachelor/","official_source_found","needs_latest_year_confirmation","2026-09-25"
"มหาวิทยาลัยศิลปากร","คณะดุริยางคศาสตร์","กรุงเทพมหานคร","bangkok","ปริญญาตรี–เอก","ดนตรีคลาสสิก | ดนตรีและสื่อสร้างสรรค์ | แจ๊ส | ดนตรีเชิงพาณิชย์ | ละครเพลง | ผู้ประกอบการดนตรีศึกษา | ธุรกิจดนตรีและบันเทิง | การจัดการไอดอลและอินฟลูเอนเซอร์","https://music.su.ac.th/programs/","","official_source_found","needs_latest_year_confirmation","2026-09-25"
"จุฬาลงกรณ์มหาวิทยาลัย","คณะศิลปกรรมศาสตร์ · ภาควิชาดุริยางคศิลป์","กรุงเทพมหานคร","bangkok","ปริญญาตรี","ดนตรีไทย | ดนตรีสากล","https://www.faa.chula.ac.th/department/show/56","","official_source_found","needs_latest_year_confirmation","2026-09-25"
"มหาวิทยาลัยเกษตรศาสตร์","คณะมนุษยศาสตร์ · ภาควิชาดนตรี","กรุงเทพมหานคร","bangkok","ปริญญาตรี","ดนตรีไทย | ดนตรีตะวันตก","https://human.ku.ac.th/curriculum/bachelors-degree/","https://music.human.ku.ac.th/bachelor.php","official_source_found","needs_latest_year_confirmation","2026-09-25"
"มหาวิทยาลัยศรีนครินทรวิโรฒ","คณะศิลปกรรมศาสตร์","กรุงเทพมหานคร","bangkok","ปริญญาตรี","ดุริยางคศาสตร์สากล | ดนตรีศึกษา","https://fofa.swu.ac.th/th/images/FOFA/TQF_2558/T2_BFA_Music.pdf","https://fofa.swu.ac.th/th/images/FOFA/TQF_2557/T2_BED_Music_Education.pdf","official_source_found","needs_latest_year_confirmation","2026-09-25"
"มหาวิทยาลัยราชภัฏบ้านสมเด็จเจ้าพระยา","วิทยาลัยการดนตรี","กรุงเทพมหานคร","bangkok","ปริญญาตรี–เอก","ดนตรีศึกษา | ดุริยางคศาสตร์","https://music.bsru.ac.th/curriculum/","","official_source_found","needs_latest_year_confirmation","2026-09-25"
"มหาวิทยาลัยรังสิต","วิทยาลัยดนตรี","ปทุมธานี","central","ปริญญาตรี–โท","การแสดงดนตรี | การผลิตดนตรี | การประพันธ์เพลง | การขับร้อง","https://www2.rsu.ac.th/faculty/Music","","official_source_found","needs_latest_year_confirmation","2026-09-25"
"มหาวิทยาลัยมหาสารคาม","วิทยาลัยดุริยางคศิลป์","มหาสารคาม","northeast","ปริญญาตรี–เอก","ดุริยางคศาสตร์ | ดนตรีศึกษา","https://music.msu.ac.th/?page_id=4222","","official_source_found","needs_latest_year_confirmation","2026-09-25"
"มหาวิทยาลัยขอนแก่น","คณะศิลปกรรมศาสตร์","ขอนแก่น","northeast","ปริญญาตรี","ดุริยางคศาสตร์ | ดนตรีศึกษา","https://fa.kku.ac.th/wp-content/uploads/2022/11/ข้อมูลหลักสูตร-ระดับปริญญาตรีหลักสูตรดุริยางคศาสตรบัณฑิต-.pdf","https://fa.kku.ac.th/wp-content/uploads/2024/12/3132_2567-FA-KKUSAT-68.pdf","official_source_found","needs_latest_year_confirmation","2026-09-25"
"มหาวิทยาลัยพายัพ","สาขาวิชาดุริยางคศาสตร์","เชียงใหม่","north","ปริญญาตรี","ดุริยางคศาสตร์","https://academic.payap.ac.th/pyu/uploads/userfiles/file/curiculum/tqf/tqf2_2565/MU_BA.pdf","","official_source_found","needs_latest_year_confirmation","2026-09-25"
"มหาวิทยาลัยเชียงใหม่","คณะศึกษาศาสตร์","เชียงใหม่","north","ปริญญาตรี","ดนตรีศึกษา","https://dctl.edu.cmu.ac.th/page/iedj6vbemaxf","https://www.edu.cmu.ac.th/news/7820-u55nxjdcyfsznyrgq1oj","official_source_found","needs_latest_year_confirmation","2026-09-25"
"มหาวิทยาลัยทักษิณ","คณะศิลปกรรมศาสตร์","สงขลา","south","ปริญญาตรี","ดุริยางคศาสตร์สากล | ดุริยางคศาสตร์ไทย","https://art.tsu.ac.th/menu.php?menu=16","","official_source_found","needs_latest_year_confirmation","2026-09-25"
"มหาวิทยาลัยราชภัฏพระนครศรีอยุธยา","คณะมนุษยศาสตร์และสังคมศาสตร์","พระนครศรีอยุธยา","central","ปริญญาตรี","ดนตรีศึกษา | ดนตรีสร้างสรรค์","https://www.aru.ac.th/human/?aru_code=2244&page=program&subpage=pro_course","https://www.aru.ac.th/index.php/tcas/view/49","official_source_found","needs_latest_year_confirmation","2026-09-25"
"มหาวิทยาลัยราชภัฏมหาสารคาม","คณะมนุษยศาสตร์และสังคมศาสตร์","มหาสารคาม","northeast","ปริญญาตรี","ดนตรี | ดนตรีไทยและดนตรีพื้นเมือง","https://husoc.rmu.ac.th/music-program/","https://e-admission.rmu.ac.th/plan-student/course/PORTFOLIO","official_source_found","needs_latest_year_confirmation","2026-09-25"
"มหาวิทยาลัยราชภัฏอุดรธานี","คณะมนุษยศาสตร์และสังคมศาสตร์","อุดรธานี","northeast","ปริญญาตรี","ดนตรี","https://huso.udru.ac.th/หลักสูตร-สาขาวิชา/bachelor-of-fine-and-applied-arts-2/","","official_source_found","needs_latest_year_confirmation","2026-09-25"
"มหาวิทยาลัยราชภัฏนครราชสีมา","คณะครุศาสตร์","นครราชสีมา","northeast","ปริญญาตรี","ดนตรีศึกษา","https://edu.nrru.ac.th/edubachelor/","","official_source_found","needs_latest_year_confirmation","2026-09-25"
"มหาวิทยาลัยราชภัฏกำแพงเพชร","คณะครุศาสตร์","กำแพงเพชร","north","ปริญญาตรี","ดนตรีศึกษา","https://reg.kpru.ac.th/old/data/curkpru/2567/6715.pdf","","official_source_found","needs_latest_year_confirmation","2026-09-25"
"มหาวิทยาลัยราชภัฏสวนสุนันทา","คณะศิลปกรรมศาสตร์","กรุงเทพมหานคร","bangkok","ปริญญาตรี","ดนตรี","https://ssru.ac.th/education_faculty-finearts.php","https://cts.ssru.ac.th/File/IS/Announce/Files/x3aaj3du.pdf","official_source_found","needs_latest_year_confirmation","2026-09-25"
"มหาวิทยาลัยราชภัฏเชียงใหม่","คณะครุศาสตร์ / คณะมนุษยศาสตร์และสังคมศาสตร์","เชียงใหม่","north","ปริญญาตรี","ดนตรีศึกษา | ดนตรีสากล","https://www.tcas.cmru.ac.th/cmrufolio2026/plan_intake.php","https://www.tcas.cmru.ac.th/cmrufolio2026/assets/notice_footer69.pdf","official_source_found","needs_latest_year_confirmation","2026-09-25"
"มหาวิทยาลัยราชภัฏอุบลราชธานี","คณะครุศาสตร์ / สายศิลปกรรม","อุบลราชธานี","northeast","ปริญญาตรี","ดนตรี | ดนตรีศึกษา","https://apr.ubru.ac.th/curriculum-structure2568/","","official_source_found","needs_latest_year_confirmation","2026-09-25"
"มหาวิทยาลัยราชภัฏนครศรีธรรมราช","คณะครุศาสตร์","นครศรีธรรมราช","south","ปริญญาตรี","ดนตรีศึกษา","https://edu2.nstru.ac.th/wdps/สาขาวิชาดนตรีศึกษา/","","official_source_found","needs_latest_year_confirmation","2026-09-25"
"มหาวิทยาลัยราชภัฏสุราษฎร์ธานี","คณะมนุษยศาสตร์และสังคมศาสตร์","สุราษฎร์ธานี","south","ปริญญาตรี","ดนตรีสากล","https://human.sru.ac.th/programs/western-music/","","official_source_found","needs_latest_year_confirmation","2026-09-25"
"มหาวิทยาลัยบูรพา","คณะดนตรีและการแสดง","ชลบุรี","east","ปริญญาตรี–โท","ดนตรีไทยและนาฏศิลป์สร้างสรรค์ | ดนตรีและการแสดง","https://www.buu.ac.th/bachelor-degree/","https://grd.buu.ac.th/master-faculty-of-music-and-performing-arts/","official_source_found","needs_latest_year_confirmation","2026-09-25"
"สถาบันดนตรีกัลยาณิวัฒนา","สำนักวิชาดุริยางคศาสตร์","กรุงเทพมหานคร","bangkok","ปริญญาตรี–โท","ดุริยางคศาสตร์","https://www.pgvim.ac.th/programs/","https://www.pgvim.ac.th/admission/information_PortfolioA.php","official_source_found","needs_latest_year_confirmation","2026-09-25"
"มหาวิทยาลัยกรุงเทพธนบุรี","คณะดุริยางคศาสตร์","กรุงเทพมหานคร","bangkok","ปริญญาตรี–เอก","ดุริยางคศาสตร์ | ดนตรีศึกษา","https://bkkthon.ac.th/home/th/faculty/faculty-13/department-26/curriculum","","official_source_found","needs_latest_year_confirmation","2026-09-25"
